Dataset,BlockSize,Time_ms,Kernel_ms,H2D_ms,D2H_ms,Host_ms,SSE,Iters,Speedup,Throughput_ps
pequeno,128,6.68,4.65,0.16,0.30,0.15,82554.918800,3,.04,4491254.68
pequeno,256,4.08,2.52,0.11,0.19,0.10,82554.918800,3,.06,7352479.87
pequeno,512,5.45,3.49,0.16,0.20,0.03,82554.918800,3,.05,5507157.95
medio,128,9.95,5.98,0.28,0.81,0.79,827601.424480,3,.42,30143144.40
medio,256,8.69,4.99,0.21,0.71,1.02,827601.424480,3,.48,34539418.86
medio,512,8.16,4.80,0.13,0.66,1.03,827601.424480,3,.51,36768741.67
grande,128,41.40,25.00,0.16,5.97,8.60,8249412.958850,3,1.75,72464045.88
grande,256,42.91,25.21,0.19,6.83,8.92,8249412.958850,3,1.69,69921101.91
grande,512,47.03,28.82,0.15,7.53,8.67,8249412.958850,3,1.54,63782931.44
